Type,Name,Request Count,Failure Count,Median Response Time,Average Response Time,Min Response Time,Max Response Time,Average Content Size,Requests/s,Failures/s,50%,66%,75%,80%,90%,95%,98%,99%,99.9%,99.99%,100%
[Send],Prompt,1673,0,6700.0,7035.674101325849,4068.005279987119,17527.336735045537,0.0,6.995377102151729,0.0,6700,7300,7700,8100,9500,11000,12000,13000,15000,18000,18000
,Aggregated,1673,0,6700.0,7035.674101325849,4068.005279987119,17527.336735045537,0.0,6.995377102151729,0.0,6700,7300,7700,8100,9500,11000,12000,13000,15000,18000,18000
