Type,Name,Request Count,Failure Count,Median Response Time,Average Response Time,Min Response Time,Max Response Time,Average Content Size,Requests/s,Failures/s,50%,66%,75%,80%,90%,95%,98%,99%,99.9%,99.99%,100%
[Send],Prompt,847,0,8300.0,8308.52231756809,6563.555075961631,10929.667813004926,0.0,3.5491309605762247,0.0,8300,8600,8800,8900,9300,9700,10000,10000,11000,11000,11000
,Aggregated,847,0,8300.0,8308.52231756809,6563.555075961631,10929.667813004926,0.0,3.5491309605762247,0.0,8300,8600,8800,8900,9300,9700,10000,10000,11000,11000,11000
