Type,Name,Request Count,Failure Count,Median Response Time,Average Response Time,Min Response Time,Max Response Time,Average Content Size,Requests/s,Failures/s,50%,66%,75%,80%,90%,95%,98%,99%,99.9%,99.99%,100%
[Send],Prompt,330,0,9800.0,9810.155240328326,7597.435377014335,10282.764113973826,0.0,3.050743832655697,0.0,9800,9800,9800,9800,9900,10000,10000,10000,10000,10000,10000
,Aggregated,330,0,9800.0,9810.155240328326,7597.435377014335,10282.764113973826,0.0,3.050743832655697,0.0,9800,9800,9800,9800,9900,10000,10000,10000,10000,10000,10000
